filename,pesq,estoi,si_sdr,si_sir,si_sar
common_voice_ar_22770267.mp3,1.4909815788269043,0.24288180625467584,-36.702797,-33.58047,-33.677948
common_voice_ar_24206041.mp3,1.830461025238037,0.32511488188087473,-12.248268,-10.647696,-4.1132646
